vorname,anzahl,geschlecht,position
Sophie,44,w,2
Marie,42,w,2
Adam,38,m,1
Noah,35,m,1
Anna,34,w,1
David,31,m,1
Emilia,30,w,1
Mila,30,w,1
Maria,29,w,1
Maria,28,w,2
Emil,26,m,1
Alexander,25,m,2
Jonas,25,m,1
Emma,25,w,1
Leon,24,m,1
Charlotte,23,w,2
Mia,23,w,1
Anton,23,m,1
Paul,23,m,1
Luise,22,w,2
Alexander,22,m,1
Maximilian,21,m,2
Lea,21,w,1
Karl,21,m,1
Oskar,21,m,1
Charlotte,20,w,1
Lina,20,w,1
Elias,20,m,1
Maximilian,20,m,1
Lukas,19,m,1
Johanna,18,w,1
Julian,18,m,1
Liam,18,m,1
Louis,18,m,1
Elif,17,w,1
Lena,17,w,1
Marie,17,w,1
Ali,17,m,1
Amir,17,m,1
Johann,17,m,1
Omar,17,m,1
Alma,16,w,1
Emily,16,w,1
Greta,16,w,1
Sophia,16,w,1
Benjamin,16,m,1
Jonathan,16,m,1
Max,16,m,1
Theodor,16,m,1
Ali,15,m,2
David,15,m,2
Johann,15,m,2
Marlene,15,w,2
Ella,15,w,1
Hannah,15,w,1
Mira,15,w,1
Sophie,15,w,1
Henry,15,m,1
Leo,15,m,1
Theo,15,m,1
Paul,14,m,2
Elisabeth,14,w,2
Clara,14,w,1
Ela,14,w,1
Frida,14,w,1
Luna,14,w,1
Rosa,14,w,1
Ben,14,m,1
Felix,14,m,1
Leonard,14,m,1
Milan,14,m,1
Elias,13,m,2
Friedrich,13,m,2
Karl,13,m,2
Hanna,13,w,1
Sarah,13,w,1
Daniel,13,m,1
Luca,13,m,1
Moritz,13,m,1
Benjamin,12,m,2
Leni,12,w,1
Adrian,12,m,1
Henri,12,m,1
Jakob,12,m,1
Levi,12,m,1
Mohammed,12,m,1
Muhammed,12,m,1
Valentin,12,m,1
Su,11,w,2
Amelie,11,w,1
Fatima,11,w,1
Ida,11,w,1
Isabella,11,w,1
Laura,11,w,1
Maja,11,w,1
Mina,11,w,1
Olivia,11,w,1
Paula,11,w,1
Sara,11,w,1
Finn,11,m,1
Hamza,11,m,1
Joshua,11,m,1
Mohamad,11,m,1
Mohamed,11,m,1
Emilia,10,w,2
Emil,10,m,2
Amira,10,w,1
Antonia,10,w,1
Ava,10,w,1
Elisa,10,w,1
Melina,10,w,1
Ahmad,10,m,1
Carl,10,m,1
Ibrahim,10,m,1
Ilyas,10,m,1
Julius,10,m,1
Linus,10,m,1
Oscar,10,m,1
Philipp,10,m,1
Yusuf,10,m,1
Sophie,9,w,3
Josephine,9,w,2
Nur,9,w,2
Ferdinand,9,m,2
Rosa,9,w,2
Julius,9,m,2
Levi,9,m,2
Luca,9,m,2
Azra,9,w,1
Elena,9,w,1
Elisabeth,9,w,1
Eva,9,w,1
Lara,9,w,1
Lisa,9,w,1
Mariam,9,w,1
Matilda,9,w,1
Nina,9,w,1
Nisa,9,w,1
Nora,9,w,1
Arthur,9,m,1
Bruno,9,m,1
Charlie,9,m,1
Hassan,9,m,1
Leonardo,9,m,1
Matteo,9,m,1
Mohammad,9,m,1
Tom,9,m,1
Umut,9,m,1
Ömer,9,m,1
Clara,8,w,2
Johanna,8,w,2
Lucia,8,w,2
Gabriel,8,m,2
Mathilda,8,w,2
Johannes,8,m,2
Leon,8,m,2
Leopold,8,m,2
Valentin,8,m,2
Jasmin,8,w,1
Julia,8,w,1
Leyla,8,w,1
Maya,8,w,1
Romy,8,w,1
Valentina,8,w,1
Kian,8,m,1
Malik,8,m,1
Maxim,8,m,1
Mehmet,8,m,1
Nicolas,8,m,1
Vincent,8,m,1
Yasin,8,m,1
Youssef,8,m,1
Marie,7,w,3
Helena,7,w,2
Luisa,7,w,2
Pauline,7,w,2
Anton,7,m,2
Carl,7,m,2
Jakob,7,m,2
Noah,7,m,2
Thomas,7,m,2
Alina,7,w,1
Helena,7,w,1
Jana,7,w,1
Klara,7,w,1
Lilly,7,w,1
Louisa,7,w,1
Luise,7,w,1
Marlene,7,w,1
Marta,7,w,1
Martha,7,w,1
Mathilda,7,w,1
Melek,7,w,1
Meryem,7,w,1
Ahmed,7,m,1
Nele,7,w,1
Fabian,7,m,1
Paulina,7,w,1
Gabriel,7,m,1
Selma,7,w,1
Jad,7,m,1
Jasper,7,m,1
Lucas,7,m,1
Luis,7,m,1
Mert,7,m,1
Muhammad,7,m,1
Pablo,7,m,1
Yousef,7,m,1
Anna,6,w,2
Henriette,6,w,2
Leonie,6,w,2
Louise,6,w,2
Mia,6,w,2
Sofia,6,w,2
Can,6,m,2
Sophia,6,w,2
Daniel,6,m,2
Victoria,6,w,2
Felix,6,m,2
Henry,6,m,2
Jonathan,6,m,2
Leonard,6,m,2
Louis,6,m,2
Luis,6,m,2
Michael,6,m,2
Oskar,6,m,2
Sebastian,6,m,2
Theodor,6,m,2
Aleyna,6,w,1
Amalia,6,w,1
Angelina,6,w,1
Fatma,6,w,1
Helene,6,w,1
Lia,6,w,1
Liya,6,w,1
Maryam,6,w,1
Aaron,6,m,1
Sham,6,w,1
Alessio,6,m,1
Sofia,6,w,1
Alex,6,m,1
Theresa,6,w,1
Antonio,6,m,1
Viktoria,6,w,1
Emilian,6,m,1
Yasmin,6,w,1
Emilio,6,m,1
Enes,6,m,1
Enno,6,m,1
Erik,6,m,1
Hugo,6,m,1
Ian,6,m,1
Lennox,6,m,1
Malek,6,m,1
Mika,6,m,1
Mustafa,6,m,1
Ole,6,m,1
Osman,6,m,1
Titus,6,m,1
Alexandra,5,w,2
Alicia,5,w,2
Carlotta,5,w,2
Elise,5,w,2
Fatima,5,w,2
Ida,5,w,2
Katharina,5,w,2
Magdalena,5,w,2
Mina,5,w,2
Sofie,5,w,2
Arthur,5,m,2
Valentina,5,w,2
August,5,m,2
Eymen,5,m,2
Jan,5,m,2
Joel,5,m,2
Liam,5,m,2
Lukas,5,m,2
Max,5,m,2
Maxim,5,m,2
Omar,5,m,2
Wilhelm,5,m,2
Alexandra,5,w,1
Alisa,5,w,1
Aurelia,5,w,1
Ayla,5,w,1
Carlotta,5,w,1
Cecilia,5,w,1
Celine,5,w,1
Edda,5,w,1
Esila,5,w,1
Hedda,5,w,1
Josephine,5,w,1
Katharina,5,w,1
Kira,5,w,1
Carlo,5,m,1
Layan,5,w,1
Damian,5,m,1
Lotte,5,w,1
Emir,5,m,1
Malak,5,w,1
Frederik,5,m,1
Medina,5,w,1
Fritz,5,m,1
Merle,5,w,1
Hannes,5,m,1
Samira,5,w,1
Jan,5,m,1
Tilda,5,w,1
Janosch,5,m,1
Yusra,5,w,1
Joel,5,m,1
Zahra,5,w,1
John,5,m,1
Zeynep,5,w,1
Johnny,5,m,1
Zoe,5,w,1
Konstantin,5,m,1
Leopold,5,m,1
Marcel,5,m,1
Martin,5,m,1
Mats,5,m,1
Milo,5,m,1
Miran,5,m,1
Nico,5,m,1
Nikolas,5,m,1
Oliver,5,m,1
Rafael,5,m,1
Raphael,5,m,1
Samuel,5,m,1
Tim,5,m,1
Walid,5,m,1
Anh,4,m,3
Jonathan,4,m,3
Amalia,4,w,2
Elena,4,w,2
Grace,4,w,2
Isabella,4,w,2
Jolie,4,w,2
Karlotta,4,w,2
Meryem,4,w,2
My,4,w,2
Naz,4,w,2
Rose,4,w,2
Adam,4,m,2
Ruth,4,w,2
Andreas,4,m,2
Theresa,4,w,2
Asaf,4,m,2
Caspar,4,m,2
Constantin,4,m,2
Emanuel,4,m,2
Emre,4,m,2
Hans,4,m,2
Hendrik,4,m,2
Henri,4,m,2
John,4,m,2
Karim,4,m,2
Klaus,4,m,2
Leo,4,m,2
Marcel,4,m,2
Matteo,4,m,2
Maurice,4,m,2
Nikolas,4,m,2
Noel,4,m,2
Otto,4,m,2
Pascal,4,m,2
Peter,4,m,2
Samuel,4,m,2
Theo,4,m,2
Ada,4,w,1
Alice,4,w,1
Amelia,4,w,1
Anouk,4,w,1
Beren,4,w,1
Eda,4,w,1
Elise,4,w,1
Elsa,4,w,1
Emilija,4,w,1
Esther,4,w,1
Eylül,4,w,1
Finja,4,w,1
Frieda,4,w,1
Hazal,4,w,1
Helen,4,w,1
Abdullah,4,m,1
Isabel,4,w,1
Ahmet,4,m,1
Isabelle,4,w,1
Albert,4,m,1
Juna,4,w,1
Armin,4,m,1
Karla,4,w,1
August,4,m,1
Lana,4,w,1
Benedikt,4,m,1
Leonie,4,w,1
Caspar,4,m,1
Leonora,4,w,1
Christian,4,m,1
Liah,4,w,1
Constantin,4,m,1
Lieselotte,4,w,1
Denis,4,m,1
Liv,4,w,1
Dylan,4,m,1
Liyana,4,w,1
Efe,4,m,1
Lotta,4,w,1
Ensar,4,m,1
Louise,4,w,1
Eymen,4,m,1
Milena,4,w,1
Ferdinand,4,m,1
Nadia,4,w,1
Fynn,4,m,1
Nehir,4,w,1
Hussein,4,m,1
Nour,4,w,1
Ivan,4,m,1
Pauline,4,w,1
James,4,m,1
Rosalie,4,w,1
Jimmy,4,m,1
Selin,4,w,1
Johan,4,m,1
Tasnim,4,w,1
Justus,4,m,1
Thea,4,w,1
Karim,4,m,1
Victoria,4,w,1
Kilian,4,m,1
Wilma,4,w,1
Lasse,4,m,1
Zoya,4,w,1
Lenny,4,m,1
Levin,4,m,1
Luka,4,m,1
Mahir,4,m,1
Mahmoud,4,m,1
Mark,4,m,1
Marvin,4,m,1
Mattis,4,m,1
Mio,4,m,1
Musa,4,m,1
Neo,4,m,1
Nikita,4,m,1
Pepe,4,m,1
Robert,4,m,1
Robin,4,m,1
Sebastian,4,m,1
Simon,4,m,1
Taim,4,m,1
Yakup,4,m,1
Younes,4,m,1
Yunus,4,m,1
Alexander,3,m,3
Charlotte,3,w,3
Georg,3,m,3
Elisabeth,3,w,3
Michael,3,m,3
Margarete,3,w,3
Paul,3,m,3
Maria,3,w,3
Viktoria,3,w,3
Amelie,3,w,2
Amira,3,w,2
Anh,3,w,2
Dunja,3,w,2
Ella,3,w,2
Emily,3,w,2
Erika,3,w,2
Franziska,3,w,2
Greta,3,w,2
Han,3,w,2
Hannah,3,w,2
Helen,3,w,2
Helene,3,w,2
Joline,3,w,2
Julia,3,w,2
Leni,3,w,2
Lisbeth,3,w,2
Mai,3,w,2
Margarete,3,w,2
Margrit,3,w,2
Mariam,3,w,2
Martha,3,w,2
Ahmed,3,m,2
Matilda,3,w,2
Aiden,3,m,2
Olivia,3,w,2
Andreevič,3,m,2
Paula,3,w,2
Balthasar,3,m,2
Philippa,3,w,2
Bernd,3,m,2
Sara,3,w,2
Christoph,3,m,2
Tabea,3,w,2
Efe,3,m,2
Emilian,3,m,2
Emin,3,m,2
Finn,3,m,2
Francis,3,m,2
Franz,3,m,2
Frederik,3,m,2
Gerhard,3,m,2
Hektor,3,m,2
Hugo,3,m,2
Jacob,3,m,2
Jonas,3,m,2
Joseph,3,m,2
Julian,3,m,2
Kaan,3,m,2
Lutz,3,m,2
Maria,3,m,2
Martin,3,m,2
Minh,3,m,2
Nepomuk,3,m,2
Ole,3,m,2
Pepe,3,m,2
Piotr,3,m,2
Robert,3,m,2
Ruben,3,m,2
Simon,3,m,2
Solomon,3,m,2
William,3,m,2
Wolfgang,3,m,2
Aaliyah,3,w,1
Adriana,3,w,1
Aleksandra,3,w,1
Amaya,3,w,1
Amina,3,w,1
Anastasia,3,w,1
Angela,3,w,1
Anni,3,w,1
Ariana,3,w,1
Asya,3,w,1
Aurora,3,w,1
Bella,3,w,1
Berfin,3,w,1
Beyza,3,w,1
Carla,3,w,1
Ceyda,3,w,1
Daria,3,w,1
Diana,3,w,1
Dila,3,w,1
Dua,3,w,1
Elea,3,w,1
Abdul,3,m,1
Elli,3,w,1
Adnan,3,m,1
Elly,3,w,1
Alan,3,m,1
Emely,3,w,1
Amin,3,m,1
Eslem,3,w,1
Angelo,3,m,1
Evelyn,3,w,1
Arvid,3,m,1
Fiona,3,w,1
Aurelio,3,m,1
Flora,3,w,1
Baran,3,m,1
Florentine,3,w,1
Bela,3,m,1
Gabriela,3,w,1
Bilal,3,m,1
Hana,3,w,1
Deniz,3,m,1
Hanifa,3,w,1
Devran,3,m,1
Hanin,3,w,1
Dorian,3,m,1
Hayal,3,w,1
Edgar,3,m,1
Hira,3,w,1
Elian,3,m,1
Ilayda,3,w,1
Elias-Joel,3,m,1
Ivana,3,w,1
Emin,3,m,1
Josefine,3,w,1
Emre,3,m,1
Larissa,3,w,1
Fernando,3,m,1
Lavin,3,w,1
Franz,3,m,1
Leah,3,w,1
Friedrich,3,m,1
Leona,3,w,1
Gustav,3,m,1
Lily,3,w,1
Hadi,3,m,1
Lou,3,w,1
Hasan,3,m,1
Luana,3,w,1
Hector,3,m,1
Luisa,3,w,1
Henrik,3,m,1
Lydia,3,w,1
Isa,3,m,1
Maila,3,w,1
Ismail,3,m,1
Malou,3,w,1
Janne,3,m,1
Mara,3,w,1
Jaron,3,m,1
Margarete,3,w,1
Jona,3,m,1
Melike,3,w,1
Jonte,3,m,1
Melissa,3,w,1
Juri,3,m,1
Merve,3,w,1
Khaled,3,m,1
Minna,3,w,1
Khalil,3,m,1
Miriam,3,w,1
Lars,3,m,1
Naomi,3,w,1
Leano,3,m,1
Natalia,3,w,1
Lennart,3,m,1
Nefes,3,w,1
Leonhard,3,m,1
Philippa,3,w,1
Lionel,3,m,1
Rabia,3,w,1
Malte,3,m,1
Ronja,3,w,1
Matei,3,m,1
Selina,3,w,1
Michael,3,m,1
Sena,3,w,1
Minh,3,m,1
Stella,3,w,1
Niklas,3,m,1
Tala,3,w,1
Noam,3,m,1
Talia,3,w,1
Noel,3,m,1
Tanja,3,w,1
Peter,3,m,1
Valeria,3,w,1
Richard,3,m,1
Veronika,3,w,1
Sam,3,m,1
Yara,3,w,1
Sami,3,m,1
Yuna,3,w,1
Stefan,3,m,1
Taha,3,m,1
Thomas,3,m,1
Tobias,3,m,1
Toni,3,m,1
Viktor,3,m,1
William,3,m,1
Yahya,3,m,1
Marie,2,w,4
Albert,2,m,3
August,2,m,3
Alexandra,2,w,3
Benjamin,2,m,3
Anh,2,w,3
Christian,2,m,3
Diana,2,w,3
Daniel,2,m,3
Gerlinde,2,w,3
Emil,2,m,3
Henriette,2,w,3
Fritz,2,m,3
Inge,2,w,3
Günter,2,m,3
Johanna,2,w,3
Heinrich,2,m,3
Josefine,2,w,3
Jayden,2,m,3
Käthe,2,w,3
Joachim,2,m,3
Lola,2,w,3
Johann,2,m,3
Rosemarie,2,w,3
Minh,2,m,3
Sarah,2,w,3
Otto,2,m,3
Sophia,2,w,3
Peter,2,m,3
Tiên,2,w,3
Thomas,2,m,3
Vy,2,w,3
Ulrich,2,m,3
Wilhelm,2,m,3
Alessandra,2,w,2
Alice,2,w,2
Alma,2,w,2
Altin,2,w,2
Angelika,2,w,2
Anne,2,w,2
Antonia,2,w,2
Antonovna,2,w,2
Artemovna,2,w,2
Aurelia,2,w,2
Ava,2,w,2
Ayhanova,2,w,2
Ayşe,2,w,2
Bao,2,w,2
Bernadette,2,w,2
Cara,2,w,2
Carolina,2,w,2
Caroline,2,w,2
Christin,2,w,2
Cornelia,2,w,2
Damaris,2,w,2
Divine,2,w,2
Edith,2,w,2
Eleonora,2,w,2
Eliana,2,w,2
Elisa,2,w,2
Emilova,2,w,2
Esmée,2,w,2
Adnan,2,m,2
Esther,2,w,2
Ahmad,2,m,2
Eva,2,w,2
Ahmet,2,m,2
Ewa,2,w,2
Alexandru,2,m,2
Fiona,2,w,2
Amir,2,m,2
Florentine,2,w,2
André,2,m,2
Françoise,2,w,2
Angelo,2,m,2
Freyja,2,w,2
Antonio,2,m,2
Frieda,2,w,2
Antonov,2,m,2
Friederike,2,w,2
Asenov,2,m,2
Gabriela,2,w,2
Aurelius,2,m,2
Gioia,2,w,2
Azad,2,m,2
Gisèle,2,w,2
Ben,2,m,2
Hedy,2,w,2
Bennett,2,m,2
Helga,2,w,2
Berat,2,m,2
Isabelle,2,w,2
Bjarne,2,m,2
Jana,2,w,2
Bruno,2,m,2
Jane,2,w,2
Christian,2,m,2
Joleen,2,w,2
Damian,2,m,2
Katrin,2,w,2
Dennis,2,m,2
Kerstin,2,w,2
Dieter,2,m,2
Klara,2,w,2
Duc,2,m,2
Käthe,2,w,2
Duy,2,m,2
Leona,2,w,2
Elia,2,m,2
Lia,2,w,2
Elinov,2,m,2
Liane,2,w,2
Elyas,2,m,2
Lieselotte,2,w,2
Emilio,2,m,2
Lilith,2,w,2
Erhard,2,m,2
Lilou,2,w,2
Erik,2,m,2
Linda,2,w,2
Ernesto,2,m,2
Liv,2,w,2
Fabian,2,m,2
Lotta,2,w,2
Frank,2,m,2
Lou,2,w,2
Frederick,2,m,2
Louisa,2,w,2
Gamal,2,m,2
Lynn,2,w,2
Georg,2,m,2
Magdalene,2,w,2
Georges,2,m,2
Maila,2,w,2
Halis,2,m,2
Malak,2,w,2
Hamza,2,m,2
Malou,2,w,2
Hannes,2,m,2
Mandy,2,w,2
Hasan,2,m,2
Manuela,2,w,2
Heinrich,2,m,2
Margot,2,w,2
Hendrich,2,m,2
Margret,2,w,2
Henning,2,m,2
Marija,2,w,2
Huynh,2,m,2
Marleen,2,w,2
Ibrahim,2,m,2
Mathilde,2,w,2
Ibrahimov,2,m,2
May,2,w,2
Iliev,2,m,2
Maïna,2,w,2
Ilyas,2,m,2
Melanie,2,w,2
Ionatan,2,m,2
Milenova,2,w,2
Ionut,2,m,2
Mira,2,w,2
Jack,2,m,2
Na,2,w,2
James,2,m,2
Nala,2,w,2
Jamil,2,m,2
Naomi,2,w,2
Joris,2,m,2
Nele,2,w,2
Josef,2,m,2
Nikita,2,w,2
José,2,m,2
Nisa,2,w,2
Konrad,2,m,2
Noelle,2,w,2
Konstantin,2,m,2
Osas,2,w,2
Leander,2,m,2
Philine,2,w,2
Leandro,2,m,2
Roos,2,w,2
Leonidas,2,m,2
Rosalie,2,w,2
Lillebror,2,m,2
Sali,2,w,2
Ludwig,2,m,2
Salome,2,w,2
Mahmoud,2,m,2
Sefora,2,w,2
Maikel,2,m,2
Stanislavova,2,w,2
Marcin,2,m,2
Susanna,2,w,2
Marcus,2,m,2
Ursula,2,w,2
Marek,2,m,2
Zejna,2,w,2
Marko,2,m,2
Zhivkova,2,w,2
Mattheo,2,m,2
Zoe,2,w,2
Mattis,2,m,2
Mauricio,2,m,2
Maximovič,2,m,2
Mehmed,2,m,2
Mert,2,m,2
Michel,2,m,2
Mihai,2,m,2
Mihailov,2,m,2
Mika,2,m,2
Musa,2,m,2
Nelson,2,m,2
Nick,2,m,2
Nicolas,2,m,2
Nikolaus,2,m,2
Nils,2,m,2
Osman,2,m,2
Philip,2,m,2
Philipp,2,m,2
Ramón,2,m,2
Ray,2,m,2
Richard,2,m,2
Rico,2,m,2
Salih,2,m,2
Santiago,2,m,2
Sascha,2,m,2
Stephan,2,m,2
Sven,2,m,2
Taha,2,m,2
Taylor,2,m,2
Thorsten,2,m,2
Tom,2,m,2
Vincent,2,m,2
Vito,2,m,2
Volodymyrovič,2,m,2
Werner,2,m,2
Yusuf,2,m,2
Abigaela,2,w,1
Acelya,2,w,1
Aisha,2,w,1
Ajla,2,w,1
Alba,2,w,1
Alessia,2,w,1
Alva,2,w,1
Amal,2,w,1
Abbas,2,m,1
Amber,2,w,1
Abdulrahman,2,m,1
Amilia,2,w,1
Adem,2,m,1
Amy,2,w,1
Aleks,2,m,1
Ana,2,w,1
Alfred,2,m,1
Anaya,2,w,1
Aljoscha,2,m,1
Anife,2,w,1
Alparslan,2,m,1
Annabel,2,w,1
Altay,2,m,1
Annabelle,2,w,1
Alvar,2,m,1
Annie,2,w,1
Andrei,2,m,1
Annikki,2,w,1
Anuar,2,m,1
Aria,2,w,1
Aras,2,m,1
Arin,2,w,1
Arne,2,m,1
Arya,2,w,1
Aron,2,m,1
Asel,2,w,1
Asaf,2,m,1
Aylin,2,w,1
Asher,2,m,1
Ayşe,2,w,1
Attila,2,m,1
Ayşegül,2,w,1
Ayaan,2,m,1
Batul,2,w,1
Ayaz,2,m,1
Cassandra,2,w,1
Azad,2,m,1
Cennet,2,w,1
Aël,2,m,1
Ceylin,2,w,1
Benedict,2,m,1
Chiara,2,w,1
Bennett,2,m,1
Chloé,2,w,1
Benno,2,m,1
Christina,2,w,1
Berat,2,m,1
Cleo,2,w,1
Boris,2,m,1
Coco,2,w,1
Can,2,m,1
Delal,2,w,1
Carlos,2,m,1
Derin,2,w,1
Casper,2,m,1
Diba,2,w,1
Charly,2,m,1
Dora,2,w,1
Clemens,2,m,1
Duygu,2,w,1
Conrad,2,m,1
Ebrar,2,w,1
Cyril,2,m,1
Elina,2,w,1
Damjan,2,m,1
Elis,2,w,1
Darian,2,m,1
Elissa,2,w,1
Dean,2,m,1
Eliza,2,w,1
Dejan,2,m,1
Emelie,2,w,1
Devrim,2,m,1
Emilie,2,w,1
Eden,2,m,1
Emina,2,w,1
Edward,2,m,1
Emna,2,w,1
Eldin,2,m,1
Enna,2,w,1
Eli,2,m,1
Erva,2,w,1
Elia,2,m,1
Fatmanur,2,w,1
Elmar,2,m,1
Fenja,2,w,1
Elvin,2,m,1
Fides,2,w,1
Ertuğrul,2,m,1
Filipa,2,w,1
Ethan,2,m,1
Gia,2,w,1
Ettore,2,m,1
Giulia,2,w,1
Evan,2,m,1
Grace,2,w,1
Fahed,2,m,1
Habiba,2,w,1
Filippos,2,m,1
Hazan,2,w,1
Florian,2,m,1
Hermine,2,w,1
Franciszek,2,m,1
Hilal,2,w,1
Fred,2,m,1
Hilda,2,w,1
Frederick,2,m,1
Hiranur,2,w,1
Georgios,2,m,1
Iman,2,w,1
Halil,2,m,1
Irem,2,w,1
Harun,2,m,1
Ivy,2,w,1
Hektor,2,m,1
Jamila,2,w,1
Hendrik,2,m,1
Janna,2,w,1
Hossein,2,m,1
Jannah,2,w,1
Hüseyin,2,m,1
Jeanne,2,w,1
İbrahim,2,m,1
Joana,2,w,1
Ilias,2,m,1
Jolina,2,w,1
Israel,2,m,1
Joudi,2,w,1
Iyas,2,m,1
Kadiatou,2,w,1
Jacob,2,m,1
Kaja,2,w,1
Jakub,2,m,1
Karolina,2,w,1
Jamal,2,m,1
Khadija,2,w,1
Jawad,2,m,1
Laetitia,2,w,1
Jaycob,2,m,1
Laila,2,w,1
Jayden,2,m,1
Lamar,2,w,1
Jerome,2,m,1
Larin,2,w,1
Jon,2,m,1
Layal,2,w,1
Jonne,2,m,1
Layla,2,w,1
Josef,2,m,1
Leana,2,w,1
Joseph,2,m,1
Leela,2,w,1
Julien,2,m,1
Leen,2,w,1
Junis,2,m,1
Leonor,2,w,1
Kaio,2,m,1
Leonore,2,w,1
Karam,2,m,1
Liana,2,w,1
Kasimir,2,m,1
Lila,2,w,1
Kjell,2,m,1
Lilia,2,w,1
Koray,2,m,1
Lillien,2,w,1
Kuzey,2,m,1
Linda,2,w,1
Laurenz,2,m,1
Lisbeth,2,w,1
Lev,2,m,1
Livia,2,w,1
Lew,2,m,1
Lola,2,w,1
Lian,2,m,1
Loreley,2,w,1
Lino,2,m,1
Lorena,2,w,1
Lio,2,m,1
Lua,2,w,1
Loay,2,m,1
Lucy,2,w,1
Loris,2,m,1
Lynn,2,w,1
Loui,2,m,1
Mai,2,w,1
Lucian,2,m,1
Maira,2,w,1
Lucky,2,m,1
Malia,2,w,1
Lyan,2,m,1
Malina,2,w,1
Mads,2,m,1
Mari,2,w,1
Mahan,2,m,1
Mariya,2,w,1
Mario,2,m,1
Meghan,2,w,1
Marlon,2,m,1
Melis,2,w,1
Matej,2,m,1
Melisa,2,w,1
Mateo,2,m,1
Meliya,2,w,1
Matheo,2,m,1
Melody,2,w,1
Mathis,2,m,1
Michelle,2,w,1
Mattes,2,m,1
Miray,2,w,1
Matti,2,m,1
Mirna,2,w,1
Mayar,2,m,1
Mona,2,w,1
Metin,2,m,1
Nadine,2,w,1
Mihail,2,m,1
Nadja,2,w,1
Mikael,2,m,1
Naila,2,w,1
Mikail,2,m,1
Nala,2,w,1
Mounir,2,m,1
Naya,2,w,1
Murat,2,m,1
Neele,2,w,1
Natan,2,m,1
Nefeli,2,w,1
Nataniel,2,m,1
Ngoc,2,w,1
Nathan,2,m,1
Ngọc,2,w,1
Navid,2,m,1
Noemi,2,w,1
Naël,2,m,1
Nova,2,w,1
Nias,2,m,1
Petra,2,w,1
Nicholas,2,m,1
Raisa,2,w,1
Nicklas,2,m,1
Rana,2,w,1
Nikolay,2,m,1
Rania,2,w,1
Nils,2,m,1
Rayan,2,w,1
Nolan,2,m,1
Ronahi,2,w,1
Nour,2,m,1
Ruby,2,w,1
Owen,2,m,1
Safiya,2,w,1
Pavel,2,m,1
Samanta,2,w,1
Petar,2,m,1
Sandra,2,w,1
Pharrell,2,m,1
Sare,2,w,1
Piet,2,m,1
Sasha,2,w,1
Prince,2,m,1
Scarlett,2,w,1
Rayan,2,m,1
Sevda,2,w,1
Reyansh,2,m,1
Sherin,2,w,1
Rida,2,m,1
Shirin,2,w,1
Rocco,2,m,1
Sila,2,w,1
Roman,2,m,1
Skadi,2,w,1
Ruben,2,m,1
Smilla,2,w,1
Saad,2,m,1
Talya,2,w,1
Said,2,m,1
Tamara,2,w,1
Selim,2,m,1
Tara,2,w,1
Serhat,2,m,1
Teodora,2,w,1
Sinan,2,m,1
Teresa,2,w,1
Sirac,2,m,1
Tiffany,2,w,1
Sufyan,2,m,1
Toni,2,w,1
Süleyman,2,m,1
Tuana,2,w,1
Teo,2,m,1
Tuba,2,w,1
Thiago,2,m,1
Tulin,2,w,1
Timo,2,m,1
Tülin,2,w,1
Tony,2,m,1
Valerie,2,w,1
Tyler,2,m,1
Vanessa,2,w,1
Valentino,2,m,1
Vesna,2,w,1
Valerio,2,m,1
Wanda,2,w,1
Vasile,2,m,1
Yağmur,2,w,1
Veit,2,m,1
Zelal,2,w,1
Vito,2,m,1
Zoé,2,w,1
Vitus,2,m,1
Züleyha,2,w,1
Willem,2,m,1
Yassin,2,m,1
Yazan,2,m,1
Yiğit,2,m,1
Yusef,2,m,1
Ziad,2,m,1
